epoch,train_loss,train_accuracy,val_loss,val_accuracy
1,0.273744,0.099,0.121518,0.9638
2,0.113617,0.1001,0.083703,0.9725
3,0.076723,0.1029,0.074709,0.9765
4,0.056148,0.1029,0.074174,0.9783
5,0.040879,0.1002,0.078181,0.9767
6,0.03138,0.0996,0.072347,0.978
7,0.021902,0.1015,0.072433,0.9818
8,0.018084,0.1019,0.079676,0.9785
9,0.011987,0.1002,0.068437,0.9813
10,0.007548,0.0997,0.07044,0.9833
